{
  "rank": 0,
  "world_size": 2,
  "backend": "nccl",
  "device": "cuda:0",
  "communication_overhead": {
    "size_100": {
      "allgather_time_ms": 1.8745112419128418,
      "allreduce_time_ms": 0.039734840393066406
    },
    "size_1000": {
      "allgather_time_ms": 0.08652925491333008,
      "allreduce_time_ms": 0.034067630767822266
    },
    "size_10000": {
      "allgather_time_ms": 0.08745670318603516,
      "allreduce_time_ms": 0.03506898880004883
    },
    "size_100000": {
      "allgather_time_ms": 0.09212732315063477,
      "allreduce_time_ms": 0.0465703010559082
    }
  }
}